name,date
Preston Parry,2019-02-22T17:59:31Z
Rene Bidart,2019-02-22T12:13:01Z
Stzpz,2019-02-20T15:47:10Z
zimenglan,2019-02-19T15:13:42Z
xelmirage,2019-02-19T09:00:48Z
Csaba Botos,2019-02-18T18:51:54Z
Csaba Botos,2019-02-18T18:43:43Z
Preston Parry,2019-02-18T18:14:44Z
Csaba Botos,2019-02-18T17:16:11Z
Preston Parry,2019-02-18T09:47:39Z
Csaba Botos,2019-02-18T09:42:11Z
Ren Jin,2019-02-15T14:41:45Z
Cheng-Yang Fu,2019-02-15T13:31:28Z
Himanshu Pandey,2019-02-15T09:26:46Z
CoinCheung,2019-02-15T09:20:04Z
Levi Viana,2019-02-14T18:52:49Z
Rodrigo Berriel,2019-02-13T12:13:16Z
Francisco Massa,2019-02-13T09:45:06Z
Francisco Massa,2019-02-12T14:48:35Z
Francisco Massa,2019-02-12T14:48:03Z
Tong Xiao,2019-02-06T19:02:33Z
Alexander Pacha,2019-02-06T12:29:09Z
Akiomi KAMAKURA,2019-02-05T12:38:07Z
zimenglan,2019-02-04T16:04:03Z
Levi Viana,2019-02-04T12:15:05Z
Sameer Indarapu,2019-01-31T19:36:37Z
Rodrigo Berriel,2019-01-31T15:50:00Z
夜阑听风,2019-01-30T10:34:35Z
wat3rBro,2019-01-25T09:31:25Z
zimenglan,2019-01-23T13:42:24Z
